<?xml version="1.0" ?>
<manifest identifier="Lj8cB_k56OQrcVTvaNoRfvmowzZtY035pWjG96y0" version="1"
  xmlns="http://www.imsproject.org/xsd/imscp_rootv1p1p2"
  xmlns:adlcp="http://www.adlnet.org/xsd/adlcp_rootv1p2"
  xmlns:xsi="http://www.w3.org/2001/XMLSchema-instance"
  xsi:schemaLocation="http://www.imsproject.org/xsd/imscp_rootv1p1p2 imscp_rootv1p1p2.xsd
                      http://www.imsglobal.org/xsd/imsmd_rootv1p2p1 imsmd_rootv1p2p1.xsd
                      http://www.adlnet.org/xsd/adlcp_rootv1p2 adlcp_rootv1p2.xsd">
  <metadata>
    <schema>ADL SCORM</schema>
    <schemaversion>1.2</schemaversion>
    <adlcp:location>metadata.xml</adlcp:location>
  </metadata>
  <organizations default="articulate_rise">
      <organization identifier="articulate_rise">
      <title>Dog Doorbell Training</title>
      <item identifier="i1" identifierref="r1" isvisible="true">
        <title>Dog Doorbell Training</title>
        <adlcp:datafromlms>eyJjcHYiOiJwV2pHOTZ5MCIsInJsZCI6ZmFsc2V9</adlcp:datafromlms>
      </item>
    </organization>
  </organizations>
  <resources>
    <resource identifier="r1" type="webcontent" adlcp:scormtype="sco" href="scormdriver/indexAPI.html">
      <!-- SCORMDRIVER STUFF -->
      <file href="scormdriver/indexAPI.html" />
      <file href="scormdriver/preloadIntegrity.js" />
      <file href="scormdriver/driverOptions.js" />
      <file href="scormdriver/AICCComm.html" />
      <file href="scormdriver/auto-scripts/AutoBookmark.js" />
      <file href="scormdriver/auto-scripts/AutoCompleteSCO.js" />
      <file href="scormdriver/auto-scripts/CourseExit.js" />
      <file href="scormdriver/blank.html" />
      <file href="scormdriver/goodbye.html" />
      <file href="scormdriver/scormdriver.js" />
      <file href="scormdriver/browsersniff.js" />

      <!-- RUNTIME COMMON STUFF -->
      <file href="scormcontent/index.html" />
      <file href="scormcontent/lib/main.bundle.js"/>

      
        <file href="scormcontent/lib/fonts/icomoon.ttf"/>
        <file href="scormcontent/lib/fonts/icomoon.woff"/>

        <file href="scormcontent/lib/icomoon.css"/>
        <file href="scormcontent/lib/main.bundle.css"/>
        <file href="scormcontent/lib/player-0.0.11.min.js"/>
        <file href="scormcontent/lib/lzwcompress.js"/>
      

      <!-- RUNTIME CONTENT STUFF -->
      <file href="scormcontent/lib/fonts/RobotoSlab-Bold.woff" />
<file href="scormcontent/lib/fonts/RobotoSlab-Regular.woff" />
<file href="scormcontent/lib/fonts/RobotoSlab-Light.woff" />
<file href="scormcontent/lib/fonts/Roboto-Black.woff" />
<file href="scormcontent/lib/fonts/Roboto-Italic.woff" />
<file href="scormcontent/lib/fonts/Roboto-Bold.woff" />
<file href="scormcontent/lib/fonts/Roboto-Regular.woff" />
<file href="scormcontent/lib/fonts/Roboto-Light.woff" />
<file href="scormcontent/lib/fonts/Lato-Black.woff" />
<file href="scormcontent/lib/fonts/Lato-Italic.woff" />
<file href="scormcontent/lib/fonts/Lato-Bold.woff" />
<file href="scormcontent/lib/fonts/Lato-Regular.woff" />
<file href="scormcontent/lib/fonts/Lato-Light.woff" />
<file href="scormcontent/assets/bbtQXy_U2xKj3mR0_small_1648228724.jpg" />
<file href="scormcontent/assets/cmkj7oWIjM2Wlnkw_OyO1GIW4iEzvulYp.png" />
<file href="scormcontent/assets/os23J4HBu_RY4UG-_transcoded-MZB1c45CcfSGOQeT-DD%20Intro%20-1080p-220626-00001.png" />
<file href="scormcontent/assets/ntSvQoPqrPbEnMVX_transcoded-MZB1c45CcfSGOQeT-DD%20Intro%20-1080p-220626.mp4" />
<file href="scormcontent/assets/0xM52bX7svZI0n6f_transcoded-02RgIhN7hv562-57-DD%20Step%201-1080p-220626-00001.png" />
<file href="scormcontent/assets/u63UrxwFIrmZPblR_transcoded-02RgIhN7hv562-57-DD%20Step%201-1080p-220626.mp4" />
<file href="scormcontent/assets/Eof2tktbWhaEPPrI_transcoded-q3apgvM9aAafo3or-DD%20Step%202-1080p-220626-00001.png" />
<file href="scormcontent/assets/tt80V_bgwBbt-oGc_transcoded-q3apgvM9aAafo3or-DD%20Step%202-1080p-220626.mp4" />
<file href="scormcontent/assets/HhroS0sWMin1Rkks_transcoded-7gmRLBDfGljYOPlK-DD%20Step%203-1080p-220626-00001.png" />
<file href="scormcontent/assets/9Exe3EheXCVIrBCK_transcoded-7gmRLBDfGljYOPlK-DD%20Step%203-1080p-220626.mp4" />
<file href="scormcontent/assets/FCbhzps-_pghpwrV_transcoded-dapY5BKXTZ-pHXRB-DD%20Step%204-1080p-220626-00001.png" />
<file href="scormcontent/assets/kW5pwEJ7ATeQbYPE_transcoded-dapY5BKXTZ-pHXRB-DD%20Step%204-1080p-220626.mp4" />
<file href="scormcontent/assets/Ud1hTgYAbLZ-Xdnc_transcoded-k66RvFo-fRAyC3Rx-DD%20Step%205-1080p-220626-00001.png" />
<file href="scormcontent/assets/eP3S0EFj6uppnd6f_transcoded-k66RvFo-fRAyC3Rx-DD%20Step%205-1080p-220626.mp4" />
<file href="scormcontent/assets/2yOVNbsqKtHt1EMO_transcoded-eilCnyQ-Ms6cbafh-DD%20Step%206-1080p-220626-00001.png" />
<file href="scormcontent/assets/CxZraDZ5R-Wl11t4_transcoded-eilCnyQ-Ms6cbafh-DD%20Step%206-1080p-220626.mp4" />
<file href="scormcontent/assets/xI67xV8WQri7GHx8_transcoded-eG9DoYmx-OSUX3mo-DD%20Outro-1080p-220626-00001.png" />
<file href="scormcontent/assets/jxvxn04RHJJWUjMx_transcoded-eG9DoYmx-OSUX3mo-DD%20Outro-1080p-220626.mp4" />
<file href="scormcontent/assets/IheCpuvMLTtEQfLU_EUmI1uztE7HwGKrF.jpg" />

    </resource>
  </resources>
</manifest>
